Date,iso3,CountryName,lat,lon,CumulativePositive,CumulativeDeceased,CumulativeRecovered,CurrentlyPositive,Hospitalized,IntensiveCare,EUcountry,EUCPMcountry,NUTS
2021-07-01,AFG,Afghanistan,33.930445,67.678945,164663652,3524463,,,,,False,False,AF
2021-07-01,ALB,Albania,41.156986,20.181222,132521,2456,130009,56,1,0,False,False,AL
2021-07-01,DZA,Algeria,28.026875,1.65284,164663652,3524463,,,,,False,False,DZ
2021-07-01,ASM,American Samoa,-12.716089,-170.253983,164663652,3524463,,,,,False,False,
2021-07-01,AND,Andorra,42.542268,1.596865,13918,127,,,0,,False,False,AD
2021-07-01,AGO,Angola,-11.209451,17.880669,164663652,3524463,,,,,False,False,AO
2021-07-01,AIA,Anguilla,18.225119,-63.07213,164663652,3524463,,,,,False,False,AI
2021-07-01,ATG,Antigua and Barbuda,17.363183,-61.789423,164663652,3524463,,,,,False,False,AG
2021-07-01,ARG,Argentina,-38.421295,-63.587403,164663652,3524463,,,,,False,False,AR
2021-07-01,ARM,Armenia,40.066181,45.111108,164663652,3524463,,,,,False,False,AM
2021-07-01,ABW,Aruba,12.517713,-69.965112,164663652,3524463,,,,,False,False,AW
2021-07-01,AUS,Australia,-26.853388,133.275154,164663652,3524463,,,,,False,False,AU
2021-06-29,AUT,Austria,47.697542,13.349319,646182,10480,629341,6361,856,215,True,True,AT
2021-07-01,AZE,Azerbaijan,40.147396,47.572098,164663652,3524463,,,,,False,False,AZ
2021-07-01,BHS,Bahamas,24.885993,-76.709892,164663652,3524463,,,,,False,False,BS
2021-07-01,BHR,Bahrain,26.039722,50.559306,164663652,3524463,,,,,False,False,BH
2021-07-01,BGD,Bangladesh,23.68764,90.351002,164663652,3524463,,,,,False,False,BD
2021-07-01,BRB,Barbados,13.18355,-59.534649,164663652,3524463,,,,,False,False,BB
2021-07-01,BLR,Belarus,53.711111,27.973847,418212,3153,,,,,False,False,BY
2021-06-29,BEL,Belgium,50.499527,4.475402,1084550,25170,,,329,143,True,True,BE
2021-07-01,BLZ,Belize,17.192929,-88.5009,164663652,3524463,,,,,False,False,BZ
2021-07-01,BEN,Benin,9.322048,2.313138,164663652,3524463,,,,,False,False,BJ
2021-07-01,BMU,Bermuda,32.320236,-64.774022,164663652,3524463,,,,,False,False,BM
2021-07-01,BTN,Bhutan,27.515709,90.442455,164663652,3524463,,,,,False,False,BT
2021-06-27,BOL,Bolivia,-16.28835,-63.549429,175300455,3794684,0,171505771,0,0,False,False,BO
2021-06-27,BES,"Bonaire, Saint Eustatius and Saba",12.160842,-68.304383,175300455,3794684,0,171505771,0,0,False,False,BQ
2021-07-01,BIH,Bosnia and Herzegovina,43.892652,17.670584,205032,9667,183534,11831,,,False,False,BA
2021-07-01,BWA,Botswana,-22.344029,24.680158,164663652,3524463,,,,,False,False,BW
2021-07-01,BRA,Brazil,-14.242915,-53.189267,164663652,3524463,,,,,False,False,BR
2021-07-01,VGB,British Virgin Islands,18.573601,-64.492065,164663652,3524463,,,,,False,False,VG
2021-06-27,BRN,Brunei,4.525125,114.715443,175300455,3794684,0,171505771,0,0,False,False,BN
2021-07-01,BGR,Bulgaria,42.729862,25.491667,421829,18061,394657,9111,,,True,True,BG
2021-07-01,BFA,Burkina Faso,12.24185,-1.55676,164663652,3524463,,,,,False,False,BF
2021-07-01,BDI,Burundi,-3.387918,29.920395,164663652,3524463,,,,,False,False,BI
2021-07-01,CPV,Cabo Verde,16.0026,-24.014095,164663652,3524463,,,,,False,False,CV
2021-07-01,KHM,Cambodia,12.54775,104.98386,164663652,3524463,,,,,False,False,KH
2021-07-01,CMR,Cameroon,7.365302,12.343439,164663652,3524463,,,,,False,False,CM
2021-07-01,CAN,Canada,62.393303,-96.818145,164663652,3524463,,,,,False,False,CA
2021-07-01,CYM,Cayman Islands,19.512365,-80.580025,164663652,3524463,,,,,False,False,KY
2021-07-01,CAF,Central African Republic,6.614041,20.941759,164663652,3524463,,,,,False,False,CF
2021-07-01,TCD,Chad,15.445718,18.738068,164663652,3524463,,,,,False,False,TD
2021-07-01,CHL,Chile,-36.711951,-73.601704,164663652,3524463,,,,,False,False,CL
2021-07-01,CHN,China,34.668138,104.165802,164663652,3524463,,,,,False,False,CN
2021-07-01,COL,Colombia,4.577317,-74.298973,164663652,3524463,,,,,False,False,CO
2021-07-01,COM,Comoros,-11.875119,43.877007,164663652,3524463,,,,,False,False,KM
2021-06-27,COD,"Congo, Democratic Republic of the",-4.034788,21.755028,175300455,3794684,0,171505771,0,0,False,False,CD
2021-06-27,COG,"Congo, Rep. Of",-0.662071,14.927424,175300455,3794684,0,171505771,0,0,False,False,CG
2021-07-01,COK,Cook Islands,-15.983639,-159.202896,164663652,3524463,,,,,False,False,
2021-07-01,CRI,Costa Rica,9.624897,-84.253308,164663652,3524463,,,,,False,False,CR
2021-06-27,CIV,Cote d'Ivoire,7.546855,-5.547099,175300455,3794684,0,171505771,0,0,False,False,CI
2021-06-29,HRV,Croatia,44.48732,16.460306,359736,8205,351113,418,,,True,True,HR
2021-07-01,CUB,Cuba,21.527062,-79.544601,164663652,3524463,,,,,False,False,CU
2021-07-01,CUW,Curaçao,12.209208,-68.945576,164663652,3524463,,,,,False,False,CW
2021-06-29,CYP,Cyprus,35.167406,33.435499,75860,453,70334,5073,1744,,True,True,CY
2021-06-30,CZE,Czech Republic,49.800901,15.478153,1667435,30304,1635643,1488,,,True,True,CZ
2021-06-30,DNK,Denmark,56.155403,11.617223,293667,2534,288190,2943,55,0,True,True,DK
2021-07-01,DJI,Djibouti,11.808375,42.595222,164663652,3524463,,,,,False,False,DJ
2021-07-01,DMA,Dominica,15.416749,-61.36413,164663652,3524463,,,,,False,False,DM
2021-07-01,DOM,Dominican Republic,18.736509,-70.161744,164663652,3524463,,,,,False,False,DO
2021-06-27,TLS,East Timor,-8.79973,125.677345,175300455,3794684,0,171505771,0,0,False,False,TL
2021-07-01,ECU,Ecuador,-1.779901,-78.131592,164663652,3524463,,,,,False,False,EC
2021-07-01,EGY,Egypt,26.696362,30.246486,164663652,3524463,,,,,False,False,EG
2021-07-01,SLV,El Salvador,13.796873,-88.910412,164663652,3524463,,,,,False,False,SV
2021-07-01,GNQ,Equatorial Guinea,1.633925,10.341295,164663652,3524463,,,,,False,False,GQ
2021-07-01,ERI,Eritrea,15.18132,39.786709,164663652,3524463,,,,,False,False,ER
2021-07-01,EST,Estonia,58.596209,25.023778,131085,,,,,,True,True,EE
2021-07-01,ETH,Ethiopia,9.148086,40.493059,164663652,3524463,,,,,False,False,ET
2021-06-27,FRO,Faeroe Islands,61.897846,-6.928791,175300455,3794684,0,171505771,0,0,False,False,
2021-07-01,FLK,Falkland Islands (Malvinas),-51.800581,-59.528839,164663652,3524463,,,,,False,False,FK
2021-07-01,FJI,Fiji,-16.578041,178.416339,164663652,3524463,,,,,False,False,FJ
2021-07-01,FIN,Finland,64.952416,26.068944,95966,846,0,95120,,,True,True,FI
2021-06-30,FRA,France,46.232193,2.209667,5662173,84609,384051,5193513,8451,1204,True,True,FR
2021-07-01,GUF,French Guiana,3.951795,-53.07823,164663652,3524463,,,,,False,False,
2021-07-01,PYF,French Polynesia,-17.778572,-143.903496,164663652,3524463,,,,,False,False,PF
2021-07-01,GAB,Gabon,-0.828097,11.598909,164663652,3524463,,,,,False,False,GA
2021-07-01,GMB,Gambia,13.445411,-15.311436,164663652,3524463,,,,,False,False,GM
2021-07-01,GEO,Georgia,42.319847,43.368055,164663652,3524463,,,,,False,False,GE
2021-07-01,DEU,Germany,51.165706,10.452764,3729035,90938,3625700,12397,,,True,True,DE
2021-07-01,GHA,Ghana,7.955012,-1.03182,164663652,3524463,,,,,False,False,GH
2021-07-01,GIB,Gibraltar,36.132235,-5.352273,164663652,3524463,,,,,False,False,GI
2021-07-01,GRC,Greece,38.275283,23.810343,164663652,3524463,,,,,True,True,EL
2021-07-01,GRL,Greenland,71.702379,-42.177174,164663652,3524463,,,,,False,False,
2021-07-01,GRD,Grenada,12.152588,-61.689557,164663652,3524463,,,,,False,False,GD
2021-07-01,GLP,Guadeloupe,16.192207,-61.272382,164663652,3524463,,,,,False,False,
2021-07-01,GUM,Guam,13.446472,144.786613,164663652,3524463,,,,,False,False,GU
2021-07-01,GTM,Guatemala,15.776261,-90.229744,164663652,3524463,,,,,False,False,GT
2021-07-01,GGY,Guernsey,49.575693,-2.42318,164663652,3524463,,,,,False,False,GG
2021-07-01,GIN,Guinea,9.934887,-11.283845,164663652,3524463,,,,,False,False,GN
2021-06-27,GNB,Guinea Bissau,11.802527,-15.177029,175300455,3794684,0,171505771,0,0,False,False,GW
2021-07-01,GUY,Guyana,4.866324,-58.932507,164663652,3524463,,,,,False,False,GY
2021-07-01,HTI,Haiti,19.054426,-73.045971,164663652,3524463,,,,,False,False,HT
2021-07-01,VAT,Holy See,41.903859,12.452041,164663652,3524463,,,,,False,False,
2021-07-01,HND,Honduras,14.746333,-86.253097,164663652,3524463,,,,,False,False,HN
2021-07-01,HUN,Hungary,47.164638,19.508944,808160,29992,739204,38964,116,20,True,True,HU
2021-07-01,ISL,Iceland,64.963942,-19.021169,164663652,3524463,,,,,False,True,IS
2021-07-01,IND,India,21.125681,82.794998,164663652,3524463,,,,,False,False,IN
2021-07-01,IDN,Indonesia,-2.518722,118.015568,164663652,3524463,,,,,False,False,ID
2021-06-27,IRN,Iran,32.420653,53.682375,175300455,3794684,0,171505771,0,0,False,False,IR
2021-07-01,IRQ,Iraq,33.223737,43.685901,164663652,3524463,,,,,False,False,IQ
2021-07-01,IRL,Ireland,53.41975,-8.240472,272784,5000,,,14430,1543,True,True,IE
2021-07-01,IMN,Isle of Man,54.23782,-4.555111,164663652,3524463,,,,,False,False,IM
2021-07-01,ISR,Israel,31.418388,35.073541,164663652,3524463,,,,,False,False,IL
2021-07-01,ITA,Italy,41.873987,12.564167,4260788,127587,4083843,49358,1761,229,True,True,IT
2021-07-01,JAM,Jamaica,18.115265,-77.27348,164663652,3524463,,,,,False,False,JM
2021-07-01,JPN,Japan,34.886306,134.379711,164663652,3524463,,,,,False,False,JP
2021-07-01,JEY,Jersey,49.217445,-2.141056,164663652,3524463,,,,,False,False,JE
2021-07-01,JOR,Jordan,31.276778,37.130583,164663652,3524463,,,,,False,False,JO
2021-07-01,KAZ,Kazakhstan,48.193764,66.902264,164663652,3524463,,,,,False,False,KZ
2021-07-01,KEN,Kenya,0.170945,37.903969,164663652,3524463,,,,,False,False,KE
2021-07-01,KIR,Kiribati,-3.358734,9.670395,164663652,3524463,,,,,False,False,
2021-06-27,XKX,Kosovo,41.85637,21.803351,175300455,3794684,0,171505771,0,0,False,False,XK
2021-07-01,KWT,Kuwait,29.310278,47.493515,164663652,3524463,,,,,False,False,KW
2021-07-01,KGZ,Kyrgyzstan,41.205528,74.779888,164663652,3524463,,,,,False,False,KG
2021-06-27,LAO,Laos,18.205208,103.895043,175300455,3794684,0,171505771,0,0,False,False,LA
2021-07-01,LVA,Latvia,56.875584,24.607722,137500,2520,,,,,True,True,LV
2021-07-01,LBN,Lebanon,33.872639,35.876736,164663652,3524463,,,,,False,False,LB
2021-07-01,LSO,Lesotho,-29.620511,28.247414,164663652,3524463,,,,,False,False,LS
2021-07-01,LBR,Liberia,6.452424,-9.428598,164663652,3524463,,,,,False,False,LR
2021-07-01,LBY,Libya,26.338522,17.268816,164663652,3524463,,,,,False,False,LY
2021-07-01,LIE,Liechtenstein,47.164696,9.555,164663652,3524463,,,,,False,False,LI
2021-06-30,LTU,Lithuania,55.174112,23.906736,278809,4384,267725,6700,,,True,True,LT
2021-06-30,LUX,Luxembourg,49.815764,6.131514,70895,818,,,,,True,True,LU
2021-07-01,MDG,Madagascar,-18.777192,46.854328,164663652,3524463,,,,,False,False,MG
2021-07-01,MWI,Malawi,-13.24627,34.295385,164663652,3524463,,,,,False,False,MW
2021-07-01,MYS,Malaysia,4.109319,109.455475,164663652,3524463,,,,,False,False,MY
2021-07-01,MDV,Maldives,3.202833,73.165249,164663652,3524463,,,,,False,False,MV
2021-07-01,MLI,Mali,17.579757,-3.998823,164663652,3524463,,,,,False,False,ML
2021-07-01,MLT,Malta,35.946151,14.384612,30627,420,30161,46,,,True,True,MT
2021-07-01,MHL,Marshall Islands,10.10382,168.728363,164663652,3524463,,,,,False,False,
2021-07-01,MTQ,Martinique,14.635541,-61.022814,164663652,3524463,,,,,False,False,
2021-07-01,MRT,Mauritania,21.00681,-10.947098,164663652,3524463,,,,,False,False,MR
2021-07-01,MUS,Mauritius,-15.422486,60.006449,164663652,3524463,,,,,False,False,MU
2021-07-01,MYT,Mayotte,-12.824511,45.165455,164663652,3524463,,,,,False,False,
2021-07-01,MEX,Mexico,23.624813,-102.57867,164663652,3524463,,,,,False,False,MX
2021-07-01,MDA,Moldova,46.979527,28.377195,256816,6194,249774,848,,,False,False,MD
2021-07-01,MCO,Monaco,43.738348,7.424451,164663652,3524463,,,,,False,False,MC
2021-07-01,MNG,Mongolia,46.860945,103.836986,164663652,3524463,,,,,False,False,MN
2021-07-01,MNE,Montenegro,42.710152,19.410069,100272,1613,,,31,,False,True,ME
2021-07-01,MSR,Montserrat,16.749415,-62.192741,164663652,3524463,,,,,False,False,MS
2021-07-01,MAR,Morocco,31.792306,-7.080168,164663652,3524463,,,,,False,False,MA
2021-07-01,MOZ,Mozambique,-18.670284,35.530157,164663652,3524463,,,,,False,False,MZ
2021-06-27,MMR,"Myanmar, Union of",19.163916,96.68303,175300455,3794684,0,171505771,0,0,False,False,MM
2021-07-01,NAM,Namibia,-22.965662,18.486165,164663652,3524463,,,,,False,False,NA
2021-07-01,NRU,Nauru,-0.52832,166.922157,164663652,3524463,,,,,False,False,NR
2021-07-01,NPL,Nepal,28.395056,84.127803,164663652,3524463,,,,,False,False,NP
2021-07-01,NLD,Netherlands,52.133057,5.29525,1685825,23886,0,1661939,42775,0,True,True,NL
2021-07-01,NCL,New Caledonia,-21.123889,165.846901,164663652,3524463,,,,,False,False,NC
2021-07-01,NZL,New Zealand,-40.9006,174.886,164663652,3524463,,,,,False,False,NZ
2021-07-01,NIC,Nicaragua,12.866726,-85.214298,164663652,3524463,,,,,False,False,NI
2021-07-01,NER,Niger,17.611,8.080946,164663652,3524463,,,,,False,False,NE
2021-07-01,NGA,Nigeria,9.084575,8.674252,164663652,3524463,,,,,False,False,NG
2021-07-01,NIU,Niue,-19.051631,-169.86309,164663652,3524463,,,,,False,False,
2021-07-01,MKD,North Macedonia,41.611,21.751417,164663652,3524463,,,,,False,True,MK
2021-06-27,MNP,Northern Mariana Islands,17.331835,145.47577,175300455,3794684,0,171505771,0,0,False,False,MP
2021-07-01,NOR,Norway,64.583013,17.86411,128933,794,0,128139,4624,879,False,True,NO
2021-07-01,OMN,Oman,21.516861,55.859291,164663652,3524463,,,,,False,False,OM
2021-07-01,PAK,Pakistan,30.441861,69.359766,164663652,3524463,,,,,False,False,PK
2021-07-01,PLW,Palau,5.63663,132.920475,164663652,3524463,,,,,False,False,PW
2021-06-27,PSE,Palestine,31.881464,34.894978,175300455,3794684,0,171505771,0,0,False,False,PS
2021-07-01,PAN,Panama,8.41771,-80.112777,164663652,3524463,,,,,False,False,PA
2021-07-01,PNG,Papua New Guinea,-6.48825,148.403152,164663652,3524463,,,,,False,False,PG
2021-07-01,PRY,Paraguay,-23.451389,-58.453215,164663652,3524463,,,,,False,False,PY
2021-07-01,PER,Peru,-9.181352,-75.002365,164663652,3524463,,,,,False,False,PE
2021-07-01,PHL,Philippines,12.881958,121.76654,164663652,3524463,,,,,False,False,PH
2021-07-01,POL,Poland,51.92275,19.136875,2880010,75044,2651906,153060,,,True,True,PL
2021-07-01,PRT,Portugal,39.553444,-7.839319,882027,17101,830224,34702,509,113,True,True,PT
2021-07-01,PRI,Puerto Rico,18.223285,-66.592731,164663652,3524463,,,,,False,False,PR
2021-07-01,QAT,Qatar,25.318833,51.19693,164663652,3524463,,,,,False,False,QA
2021-07-01,REU,Réunion,-21.114533,55.532062,164663652,3524463,,,,,False,False,
2021-07-01,ROU,Romania,45.947125,24.980514,1080411,33861,,,,,True,True,RO
2021-07-01,RUS,Russian Fed.,61.523111,-74.9,5538142,138002,5017321,382819,0,0,False,False,RU
2021-07-01,RWA,Rwanda,-1.94708,29.876376,164663652,3524463,,,,,False,False,RW
2021-07-01,SHN,Saint Helena,-11.953679,-10.029991,164663652,3524463,,,,,False,False,
2021-07-01,KNA,Saint Kitts and Nevis,17.257731,-62.706413,164663652,3524463,,,,,False,False,KN
2021-07-01,LCA,Saint Lucia,13.904011,-60.974176,164663652,3524463,,,,,False,False,LC
2021-07-01,SPM,Saint Pierre and Miquelon,46.966164,-56.336825,164663652,3524463,,,,,False,False,
2021-07-01,VCT,Saint Vincent and the Grenadines,12.980909,-61.287392,164663652,3524463,,,,,False,False,VC
2021-06-27,BLM,Saint-Barthélemy,17.903496,-62.831448,175300455,3794684,0,171505771,0,0,False,False,BL
2021-07-01,WSM,Samoa,-13.736573,-172.10717,164663652,3524463,,,,,False,False,
2021-07-01,SMR,San Marino,43.942973,12.460035,164663652,3524463,,,,,False,False,SM
2021-07-01,STP,Sao Tome and Principe,0.863044,6.968272,164663652,3524463,,,,,False,False,ST
2021-07-01,SAU,Saudi Arabia,23.886291,45.081139,164663652,3524463,,,,,False,False,SA
2021-07-01,SEN,Senegal,14.499454,-14.445562,164663652,3524463,,,,,False,False,SN
2021-07-01,SRB,Serbia,44.206802,20.911009,164663652,3524463,,,,,False,True,RS
2021-07-01,SYC,Seychelles,-7.018792,51.242138,164663652,3524463,,,,,False,False,SC
2021-07-01,SLE,Sierra Leone,8.464806,-11.795935,164663652,3524463,,,,,False,False,SL
2021-07-01,SGP,Singapore,1.364917,103.822872,164663652,3524463,,,,,False,False,SG
2021-06-27,SXM,Sint Maarten (Dutch part),18.04097,-63.078516,175300455,3794684,0,171505771,0,0,False,False,SX
2021-06-30,SVK,Slovakia,48.665639,19.709097,391642,12510,,,120,15,True,True,SK
2021-06-30,SVN,Slovenia,46.145528,14.974541,257393,4749,14494,238150,66,16,True,True,SI
2021-07-01,SLB,Solomon Islands,-9.220083,161.244735,164663652,3524463,,,,,False,False,SB
2021-07-01,SOM,Somalia,5.152149,46.199616,164663652,3524463,,,,,False,False,SO
2021-07-01,ZAF,South Africa,-28.48322,24.676997,164663652,3524463,,,,,False,False,ZA
2021-06-27,KOR,South Korea,35.901696,127.735889,175300455,3794684,0,171505771,0,0,False,False,KR
2021-07-01,SSD,South Sudan,7.856272,30.040413,164663652,3524463,,,,,False,False,SS
2021-06-30,ESP,Spain,39.896027,-2.487694,3808960,80875,,,2375,3316,True,True,ES
2021-07-01,LKA,Sri Lanka,7.874097,80.767098,164663652,3524463,,,,,False,False,LK
2021-07-01,SDN,Sudan,15.45847,30.217636,164663652,3524463,,,,,False,False,SD
2021-07-01,SUR,Suriname,3.917846,-56.032028,164663652,3524463,,,,,False,False,SR
2021-06-30,SWE,Sweden,62.199806,17.637493,1090553,14630,,,,7583,True,True,SE
2021-07-01,CHE,Switzerland,46.815514,8.224472,695555,10940,106338,578277,124,37,False,False,CH
2021-07-01,SYR,Syrian Arab Republic,34.814902,39.056126,164663652,3524463,,,,,False,False,SY
2021-06-27,TWN,Taiwan,21.901806,121.471,175300455,3794684,0,171505771,0,0,False,False,TW
2021-07-01,TJK,Tajikistan,38.858194,71.26218,164663652,3524463,,,,,False,False,TJ
2021-06-27,TZA,Tanzania,-6.368216,34.885195,175300455,3794684,0,171505771,0,0,False,False,TZ
2021-07-01,THA,Thailand,13.036597,101.492515,164663652,3524463,,,,,False,False,TH
2021-07-01,TGO,Togo,8.621697,0.829685,164663652,3524463,,,,,False,False,TG
2021-07-01,TKL,Tokelau,-8.967362,-171.855881,164663652,3524463,,,,,False,False,
2021-07-01,TON,Tonga,-18.509023,-174.794922,164663652,3524463,,,,,False,False,
2021-07-01,TTO,Trinidad and Tobago,10.687223,-61.220852,164663652,3524463,,,,,False,False,TT
2021-07-01,TUN,Tunisia,33.892166,9.561556,164663652,3524463,,,,,False,False,TN
2021-06-30,TUR,Turkey,38.961516,35.25175,5425652,49732,5294285,81635,,,False,True,TR
2021-07-01,TKM,Turkmenistan,38.968319,59.562873,164663652,3524463,,,,,False,False,TM
2021-07-01,TCA,Turks and Caicos Islands,21.692252,-71.803756,164663652,3524463,,,,,False,False,TC
2021-07-01,TUV,Tuvalu,-8.221571,177.964073,164663652,3524463,,,,,False,False,TV
2021-07-01,UGA,Uganda,1.365188,32.304651,164663652,3524463,,,,,False,False,UG
2021-07-01,UKR,Ukraine,48.379888,31.168139,2235801,52391,2168387,15023,,,False,False,UA
2021-07-01,ARE,United Arab Emirates,24.358745,53.982494,164663652,3524463,,,,,False,False,AE
2021-06-30,GBR,United Kingdom,54.633221,-3.432277,4800917,128140,0,4672777,,,False,True,UK
2021-07-01,USA,United States of America,36.966428,-95.844032,164663652,3524463,,,,,False,False,US
2021-07-01,VIR,United States Virgin Islands,18.036736,-64.801704,164663652,3524463,,,,,False,False,VI
2021-07-01,URY,Uruguay,-32.53152,-55.758328,164663652,3524463,,,,,False,False,UY
2021-07-01,UZB,Uzbekistan,41.379722,64.564459,164663652,3524463,,,,,False,False,UZ
2021-07-01,VUT,Vanuatu,-16.661195,168.214882,164663652,3524463,,,,,False,False,VU
2021-06-27,VEN,Venezuela,6.414107,-66.578926,175300455,3794684,0,171505771,0,0,False,False,VE
2021-06-27,VNM,Vietnam,15.974222,105.806431,175300455,3794684,0,171505771,0,0,False,False,VN
2021-06-27,ESH,Western Sahara,24.221916,-12.886729,175300455,3794684,0,171505771,0,0,False,False,EH
2021-06-27,WWW,Whole Globe,0,0,175300455,3794684,0,171505771,0,0,False,False,
2021-07-01,YEM,Yemen,15.555545,48.531539,164663652,3524463,,,,,False,False,YE
2021-07-01,ZMB,Zambia,-13.151917,27.852537,164663652,3524463,,,,,False,False,ZM
2021-07-01,ZWE,Zimbabwe,-19.013286,29.146667,164663652,3524463,,,,,False,False,ZW
